"title","activeAccounts"
"2023-10-28","107"
"2023-10-29","154"
"2023-10-30","201"
"2023-10-31","245"
"2023-11-01","401"
"2023-11-02","548"
"2023-11-03","634"
"2023-11-04","708"
"2023-11-05","796"
"2023-11-06","875"
"2023-11-07","919"
"2023-11-08","972"
"2023-11-09","1087"
"2023-11-10","1247"
"2023-11-11","1474"
"2023-11-12","1651"
"2023-11-13","1915"
"2023-11-14","2175"
"2023-11-15","2343"
"2023-11-16","2569"
"2023-11-17","2724"
"2023-11-18","2811"
"2023-11-19","2966"
"2023-11-20","3123"
"2023-11-21","3222"
"2023-11-22","3368"
"2023-11-23","3474"
"2023-11-24","3558"
"2023-11-25","3633"
"2023-11-26","3719"
"2023-11-27","3798"
"2023-11-28","3964"
"2023-11-29","4259"
"2023-11-30","4449"
"2023-12-01","4642"
"2023-12-02","4811"
"2023-12-03","5002"
"2023-12-04","5182"
"2023-12-05","5321"
"2023-12-06","5518"
"2023-12-07","5715"
"2023-12-08","5899"
"2023-12-09","6075"
"2023-12-10","6301"
"2023-12-11","6530"
"2023-12-12","6721"
"2023-12-13","6858"
"2023-12-14","7004"
"2023-12-15","7124"
"2023-12-16","7277"
"2023-12-17","7417"
"2023-12-18","7574"
"2023-12-19","7675"
"2023-12-20","7819"
"2023-12-21","7971"
"2023-12-22","8129"
"2023-12-23","8385"
"2023-12-24","8550"
"2023-12-25","8700"
"2023-12-26","8855"
"2023-12-27","9071"
"2023-12-28","9277"
"2023-12-29","9394"
"2023-12-30","9508"
"2023-12-31","9629"
"2024-01-01","9765"
"2024-01-02","9938"
"2024-01-03","10168"
"2024-01-04","10398"
"2024-01-05","10648"
"2024-01-06","10868"
"2024-01-07","11070"
"2024-01-08","11290"
"2024-01-09","11474"
"2024-01-10","11629"
"2024-01-11","11977"
"2024-01-12","12230"
"2024-01-13","12510"
"2024-01-14","12790"
"2024-01-15","13161"
"2024-01-16","13429"
"2024-01-17","13686"
"2024-01-18","13870"
"2024-01-19","14051"
"2024-01-20","14242"
"2024-01-21","14406"
"2024-01-22","14602"
"2024-01-23","14814"
"2024-01-24","14953"
"2024-01-25","15182"
"2024-01-26","15368"
"2024-01-27","15490"
"2024-01-28","15673"
"2024-01-29","15836"
"2024-01-30","16278"
"2024-01-31","16677"
"2024-02-01","17048"
"2024-02-02","17363"
"2024-02-03","17750"
"2024-02-04","17979"
"2024-02-05","18150"
"2024-02-06","18306"
"2024-02-07","18561"
"2024-02-08","18746"
"2024-02-09","18977"
"2024-02-10","19144"
"2024-02-11","19339"
"2024-02-12","19545"
"2024-02-13","19722"
"2024-02-14","19934"
"2024-02-15","20177"
"2024-02-16","20445"
"2024-02-17","20628"
"2024-02-18","20870"
"2024-02-19","21052"
"2024-02-20","21252"
"2024-02-21","21373"
"2024-02-22","21654"
"2024-02-23","21790"
"2024-02-24","22048"
"2024-02-25","22267"
"2024-02-26","22437"
"2024-02-27","22653"
"2024-02-28","22854"
"2024-02-29","23039"
"2024-03-01","23239"
"2024-03-02","23477"
"2024-03-03","23717"
"2024-03-04","23934"
"2024-03-05","24264"
"2024-03-06","24446"
"2024-03-07","24669"
"2024-03-08","24867"
"2024-03-09","25036"
"2024-03-10","25163"
"2024-03-11","25344"
"2024-03-12","25502"
"2024-03-13","25753"
"2024-03-14","25848"
"2024-03-15","26110"
"2024-03-16","26167"
"2024-03-17","26457"
"2024-03-18","26502"
"2024-03-19","26690"
"2024-03-20","26760"
"2024-03-21","27133"
"2024-03-22","27238"
"2024-03-23","27505"
"2024-03-24","27549"
"2024-03-25","27697"
"2024-03-26","27783"
"2024-03-27","27900"
"2024-03-28","27989"
"2024-03-29","28118"
"2024-03-30","28183"
"2024-03-31","28312"
"2024-04-01","28293"
"2024-04-02","28459"
"2024-04-03","28514"
"2024-04-04","28687"
"2024-04-05","28792"
"2024-04-06","28993"
"2024-04-07","29093"
"2024-04-08","29174"
"2024-04-09","29325"
"2024-04-10","29444"
"2024-04-11","29522"
"2024-04-12","29762"
"2024-04-13","30064"
"2024-04-14","30230"
"2024-04-15","30340"
"2024-04-16","30446"
"2024-04-17","30514"
"2024-04-18","30600"
"2024-04-19","30701"
"2024-04-20","30845"
"2024-04-21","30952"
"2024-04-22","31064"
"2024-04-23","31257"
"2024-04-24","31123"
"2024-04-25","31187"
"2024-04-26","31333"
"2024-04-27","31380"
"2024-04-28","31471"
"2024-04-29","31521"
"2024-04-30","31579"
"2024-05-01","31721"
"2024-05-02","31841"
"2024-05-03","31904"
"2024-05-04","32009"
"2024-05-05","32076"
"2024-05-06","32155"
"2024-05-07","32294"
"2024-05-08","32521"
"2024-05-09","32624"
"2024-05-10","32663"
"2024-05-11","32745"
"2024-05-12","32801"
"2024-05-13","32847"
"2024-05-14","32940"
"2024-05-15","32980"
"2024-05-16","33032"
"2024-05-17","33254"
"2024-05-18","33476"
"2024-05-19","33780"
"2024-05-20","34100"
"2024-05-21","34227"
"2024-05-22","34333"
"2024-05-23","34444"
"2024-05-24","34539"
"2024-05-25","34674"
"2024-05-26","34758"
"2024-05-27","34878"
"2024-05-28","35004"
"2024-05-29","35092"
"2024-05-30","35200"
"2024-05-31","35289"
"2024-06-01","35346"
"2024-06-02","35429"
"2024-06-03","35502"
"2024-06-04","35580"
"2024-06-05","35762"
"2024-06-06","35827"
"2024-06-07","35969"
"2024-06-08","36294"
"2024-06-09","36826"
"2024-06-10","36899"
"2024-06-11","36969"
"2024-06-12","37052"
"2024-06-13","37197"
"2024-06-14","37273"
"2024-06-15","37344"
"2024-06-16","37432"
"2024-06-17","37501"
"2024-06-18","36788"
"2024-06-19","36849"
"2024-06-20","36929"
"2024-06-21","36939"
"2024-06-22","36996"
"2024-06-23","37045"
"2024-06-24","37111"
"2024-06-25","37205"
"2024-06-26","37284"
"2024-06-27","37386"
"2024-06-28","37435"
"2024-06-29","37499"
"2024-06-30","37558"
"2024-07-01","37623"
"2024-07-02","37678"
"2024-07-03","37747"
"2024-07-04","37857"
"2024-07-05","37975"
"2024-07-06","38091"
"2024-07-07","38166"
"2024-07-08","38292"
"2024-07-09","38395"
"2024-07-10","38495"
"2024-07-11","38563"
"2024-07-12","38657"
"2024-07-13","38701"
"2024-07-14","38772"
"2024-07-15","38848"
"2024-07-16","38915"
"2024-07-17","38976"
"2024-07-18","39031"
"2024-07-19","39082"
"2024-07-20","39171"
"2024-07-21","39248"
"2024-07-22","39332"
"2024-07-23","39386"
"2024-07-24","39470"
"2024-07-25","39534"
"2024-07-26","39621"
"2024-07-27","39691"
"2024-07-28","39746"
"2024-07-29","39825"
"2024-07-30","39871"
"2024-07-31","39969"
"2024-08-01","40071"
"2024-08-02","40219"
"2024-08-03","40265"
"2024-08-04","40439"
"2024-08-05","40611"
"2024-08-06","40726"
"2024-08-07","40844"
"2024-08-08","40988"
"2024-08-09","41139"
"2024-08-10","41210"
"2024-08-11","41314"
"2024-08-12","41425"
"2024-08-13","41497"
"2024-08-14","41632"
"2024-08-15","41752"
"2024-08-16","41826"
"2024-08-17","41523"
"2024-08-18","41613"
"2024-08-19","41800"
"2024-08-20","41995"
"2024-08-21","42084"
"2024-08-22","42181"
"2024-08-23","42260"
"2024-08-24","42321"
"2024-08-25","42401"
"2024-08-26","42485"
"2024-08-27","42548"
"2024-08-28","42645"
"2024-08-29","42716"
"2024-08-30","42776"
"2024-08-31","42848"
"2024-09-01","42988"
"2024-09-02","43048"
"2024-09-03","43088"
"2024-09-04","43125"
"2024-09-05","43183"
"2024-09-06","43237"
"2024-09-07","43275"
"2024-09-08","43316"
"2024-09-09","43345"
"2024-09-10","43381"
"2024-09-11","43427"
"2024-09-12","43478"
"2024-09-13","43533"
"2024-09-14","43659"
"2024-09-15","43727"
"2024-09-16","43770"
"2024-09-17","43830"
"2024-09-18","43824"
"2024-09-19","43881"
"2024-09-20","43942"
"2024-09-21","43992"
"2024-09-22","44067"
"2024-09-23","44202"
"2024-09-24","44282"
"2024-09-25","44326"
"2024-09-26","44409"
"2024-09-27","44478"
"2024-09-28","44479"
"2024-09-29","44524"
"2024-09-30","44586"
"2024-10-01","44586"
"2024-10-02","44986"
"2024-10-03","45105"
"2024-10-04","45155"
"2024-10-05","45239"
"2024-10-06","45406"
"2024-10-07","45460"
"2024-10-08","45509"
"2024-10-09","45578"
"2024-10-10","45630"
"2024-10-11","45699"
"2024-10-12","45750"
"2024-10-13","45816"
"2024-10-14","45879"
"2024-10-15","45959"
"2024-10-16","46044"
"2024-10-17","46117"
"2024-10-18","46190"
"2024-10-19","46231"
"2024-10-20","46412"
"2024-10-21","46522"
"2024-10-22","46585"
"2024-10-23","46678"
"2024-10-24","46721"
"2024-10-25","46798"
"2024-10-26","46836"
"2024-10-27","46869"
"2024-10-28","46960"
"2024-10-29","47087"
"2024-10-30","47189"
"2024-10-31","47281"
"2024-11-01","47363"
"2024-11-02","47413"
"2024-11-03","47493"
"2024-11-04","47560"
"2024-11-05","47666"
"2024-11-06","47811"
"2024-11-07","47904"
"2024-11-08","47997"
"2024-11-09","48088"
"2024-11-10","48204"
"2024-11-11","48362"
"2024-11-12","48553"
"2024-11-13","48683"
"2024-11-14","48791"
"2024-11-15","48883"
"2024-11-16","48941"
"2024-11-17","49042"
"2024-11-18","49151"
"2024-11-19","49270"
"2024-11-20","49426"
"2024-11-21","49598"
"2024-11-22","49735"
"2024-11-23","49885"
"2024-11-24","49965"
"2024-11-25","50072"
"2024-11-26","50197"
"2024-11-27","50297"
"2024-11-28","50410"
"2024-11-29","50504"
"2024-11-30","50632"
"2024-12-01","50752"
"2024-12-02","50866"
"2024-12-03","50986"
"2024-12-04","51099"
"2024-12-05","51237"
"2024-12-06","51307"
"2024-12-07","51379"
"2024-12-08","51484"
"2024-12-09","51593"
"2024-12-10","51695"
"2024-12-11","51809"
"2024-12-12","51908"
"2024-12-13","51990"
"2024-12-14","52071"
"2024-12-15","52151"
"2024-12-16","52239"
"2024-12-17","52344"
"2024-12-18","52465"
"2024-12-19","52649"
"2024-12-20","52785"
"2024-12-21","52876"
"2024-12-22","52967"
"2024-12-23","53082"
"2024-12-24","53158"
"2024-12-25","53249"
"2024-12-26","53302"
"2024-12-27","53398"
"2024-12-28","53480"
"2024-12-29","53575"
"2024-12-30","53706"
"2024-12-31","53806"
"2025-01-01","53874"
"2025-01-02","53974"
"2025-01-03","54095"
"2025-01-04","54244"
"2025-01-05","54374"
"2025-01-06","54497"
"2025-01-07","54590"
"2025-01-08","54668"
"2025-01-09","54731"
"2025-01-10","54812"
"2025-01-11","54890"
"2025-01-12","54969"
"2025-01-13","54676"
"2025-01-14","54756"
"2025-01-15","54812"
"2025-01-16","54876"
"2025-01-17","54939"
"2025-01-18","55013"
"2025-01-19","55102"
"2025-01-20","55189"
"2025-01-21","55260"
"2025-01-22","55333"
"2025-01-23","55270"
"2025-01-24","55306"
"2025-01-25","55357"
"2025-01-26","55418"
"2025-01-27","55472"
"2025-01-28","55548"
"2025-01-29","55606"
"2025-01-30","55665"
"2025-01-31","55728"
"2025-02-01","55813"
"2025-02-02","55849"
"2025-02-03","55938"
"2025-02-04","56048"
"2025-02-05","56128"
"2025-02-06","56181"
"2025-02-07","56239"
"2025-02-08","56310"
"2025-02-09","56343"
"2025-02-10","56401"
"2025-02-11","56483"
"2025-02-12","56548"
"2025-02-13","56623"
"2025-02-14","56693"
"2025-02-15","56736"
"2025-02-16","56790"
"2025-02-17","56836"
"2025-02-18","56881"
"2025-02-19","56931"
"2025-02-20","56992"
"2025-02-21","57105"
"2025-02-22","57241"
"2025-02-23","57276"
"2025-02-24","57336"
"2025-02-25","57420"
"2025-02-26","57510"
"2025-02-27","57590"
"2025-02-28","57659"
"2025-03-01","57455"
"2025-03-02","57508"
"2025-03-03","57577"
"2025-03-04","57640"
"2025-03-05","57682"
"2025-03-06","57739"
"2025-03-07","57771"
"2025-03-08","57821"
"2025-03-09","57851"
"2025-03-10","57894"
"2025-03-11","57962"
"2025-03-12","58007"
"2025-03-13","58026"
"2025-03-14","58081"
"2025-03-15","58120"
"2025-03-16","58161"
"2025-03-17","58205"
"2025-03-18","58250"
"2025-03-19","58306"
"2025-03-20","58350"
"2025-03-21","58333"
"2025-03-22","58375"
"2025-03-23","58403"
"2025-03-24","58424"
"2025-03-25","58461"
"2025-03-26","58499"
"2025-03-27","58545"
"2025-03-28","58622"
"2025-03-29","58653"
"2025-03-30","58694"
"2025-03-31","58749"
"2025-04-01","58836"
"2025-04-02","58902"
"2025-04-03","58980"
"2025-04-04","59021"
"2025-04-05","59064"
"2025-04-06","59128"
"2025-04-07","59208"
"2025-04-08","59271"
"2025-04-09","59353"
"2025-04-10","59400"
"2025-04-11","59481"
"2025-04-12","59546"
"2025-04-13","59601"
"2025-04-14","59655"
"2025-04-15","59690"
"2025-04-16","59736"
"2025-04-17","59788"
"2025-04-18","59839"
"2025-04-19","59887"
"2025-04-20","59941"
"2025-04-21","60041"
"2025-04-22","60275"
"2025-04-23","60560"
"2025-04-24","60613"
"2025-04-25","60698"
"2025-04-26","60757"
"2025-04-27","60842"
"2025-04-28","60924"
"2025-04-29","61003"
"2025-04-30","61082"
"2025-05-01","61125"
"2025-05-02","61168"
"2025-05-03","61194"
"2025-05-04","61221"
"2025-05-05","61283"
"2025-05-06","61339"
"2025-05-07","61381"
"2025-05-08","61436"
"2025-05-09","61520"
"2025-05-10","61583"
"2025-05-11","61644"
"2025-05-12","61724"
"2025-05-13","61823"
"2025-05-14","61919"
"2025-05-15","62004"
"2025-05-16","62057"
"2025-05-17","62124"
"2025-05-18","62188"
"2025-05-19","62269"
"2025-05-20","62338"
"2025-05-21","62422"
"2025-05-22","62488"
"2025-05-23","62548"
"2025-05-24","62614"
"2025-05-25","62660"
"2025-05-26","62553"
"2025-05-27","62633"
"2025-05-28","62687"
"2025-05-29","62752"
"2025-05-30","62800"
"2025-05-31","62862"
"2025-06-01","62923"
"2025-06-02","62978"
"2025-06-03","63026"
"2025-06-04","63081"
"2025-06-05","63131"
"2025-06-06","63178"
"2025-06-07","63230"
"2025-06-08","63264"
"2025-06-09","63347"
"2025-06-10","63428"
"2025-06-11","63474"
"2025-06-12","63527"
"2025-06-13","63563"
"2025-06-14","63598"
"2025-06-15","63621"
"2025-06-16","63666"
"2025-06-17","63732"
"2025-06-18","63769"
"2025-06-19","63810"
"2025-06-20","63844"
"2025-06-21","63876"
"2025-06-22","63935"
"2025-06-23","63996"
"2025-06-24","64160"
"2025-06-25","64190"
"2025-06-26","64241"
"2025-06-27","64334"
"2025-06-28","64450"
"2025-06-29","64585"
"2025-06-30","64792"
"2025-07-01","65006"
"2025-07-02","65132"
"2025-07-03","65327"
"2025-07-04","65468"
"2025-07-05","65545"
"2025-07-06","65660"
"2025-07-07","65839"
"2025-07-08","66007"
"2025-07-09","66250"
"2025-07-10","66517"
"2025-07-11","66700"
"2025-07-12","66775"
"2025-07-13","66840"
"2025-07-14","66827"
"2025-07-15","66924"
"2025-07-16","67065"
"2025-07-17","67149"
"2025-07-18","67234"
"2025-07-19","67288"
"2025-07-20","67364"
"2025-07-21","67471"
"2025-07-22","67569"
"2025-07-23","67632"
"2025-07-24","67704"
"2025-07-25","67820"
"2025-07-26","67876"
"2025-07-27","68037"
"2025-07-28","68134"
"2025-07-29","68273"
"2025-07-30","68383"
"2025-07-31","68551"
"2025-08-01","68822"
"2025-08-02","68975"
"2025-08-03","69221"
"2025-08-04","69408"
"2025-08-05","69496"
"2025-08-06","69600"
"2025-08-07","69753"
"2025-08-08","69925"
"2025-08-09","70091"
"2025-08-10","70292"
"2025-08-11","70355"
"2025-08-12","70353"
"2025-08-13","70558"
"2025-08-14","70735"
"2025-08-15","70905"
"2025-08-16","71495"
"2025-08-17","71681"
"2025-08-18","72272"
"2025-08-19","72412"
"2025-08-20","72608"
"2025-08-21","72757"
"2025-08-22","73031"
"2025-08-23","73469"
"2025-08-24","73746"
"2025-08-25","74025"
"2025-08-26","74210"
"2025-08-27","74357"
"2025-08-28","74630"
"2025-08-29","74935"
"2025-08-30","75549"
"2025-08-31","75892"
"2025-09-01","76293"
"2025-09-02","76549"
"2025-09-03","76710"
"2025-09-04","76795"
"2025-09-05","77041"
"2025-09-06","77474"
"2025-09-07","77703"
"2025-09-08","77877"
"2025-09-09","77949"
"2025-09-10","78113"
"2025-09-11","78254"
"2025-09-12","78393"
"2025-09-13","78504"
"2025-09-14","78678"
"2025-09-15","78916"
"2025-09-16","79096"
"2025-09-17","79599"
"2025-09-18","80191"
"2025-09-19","80948"
"2025-09-20","81836"
"2025-09-21","82311"
"2025-09-22","85134"
"2025-09-23","86113"
"2025-09-24","86314"
"2025-09-25","86509"
"2025-09-26","86597"
"2025-09-27","86768"
"2025-09-28","86830"
"2025-09-29","86907"
"2025-09-30","87062"
"2025-10-01","87476"
"2025-10-02","87619"
"2025-10-03","87708"
"2025-10-04","87845"
"2025-10-05","87980"
"2025-10-06","88087"
"2025-10-07","88152"
"2025-10-08","88224"
"2025-10-09","88305"
"2025-10-10","88390"
"2025-10-11","88688"
"2025-10-12","88738"
"2025-10-13","88871"
"2025-10-14","89329"
"2025-10-15","89695"
"2025-10-16","89987"
"2025-10-17","89981"
"2025-10-18","89972"
"2025-10-19","90020"
"2025-10-20","90093"
"2025-10-21","90129"
"2025-10-22","90139"
"2025-10-23","90156"
"2025-10-24","90187"
"2025-10-25","90224"
"2025-10-26","90266"
"2025-10-27","90297"
"2025-10-28","90286"
"2025-10-29","90357"
"2025-10-30","90528"
"2025-10-31","90574"
"2025-11-01","90600"
"2025-11-02","90639"
"2025-11-03","90664"
"2025-11-04","90742"
"2025-11-05","90765"
"2025-11-06","90807"
"2025-11-07","90817"
"2025-11-08","90824"
"2025-11-09","90844"
"2025-11-10","90860"
"2025-11-11","91907"
"2025-11-12","91961"
"2025-11-13","92014"
"2025-11-14","92046"
"2025-11-15","92081"
"2025-11-16","92126"
"2025-11-17","92164"
"2025-11-18","92174"
"2025-11-19","92193"
"2025-11-20","92191"
"2025-11-21","92199"
"2025-11-22","92187"
"2025-11-23","92185"
"2025-11-24","92185"
"2025-11-25","92562"
"2025-11-26","92566"
"2025-11-27","92606"
"2025-11-28","92612"
"2025-11-29","92625"
"2025-11-30","92639"
"2025-12-01","92646"
"2025-12-02","92663"
"2025-12-03","92606"
"2025-12-04","92642"
"2025-12-05","92658"
"2025-12-06","92663"
"2025-12-07","93420"
"2025-12-08","93419"
"2025-12-09","93430"
"2025-12-10","93531"
"2025-12-11","93541"
"2025-12-12","93533"
"2025-12-13","93544"
"2025-12-14","93584"
"2025-12-15","93588"
"2025-12-16","93606"
"2025-12-17","93622"
"2025-12-18","93624"
"2025-12-19","93624"
"2025-12-20","93628"
"2025-12-21","93634"
"2025-12-22","93642"
"2025-12-23","93656"
"2025-12-24","93663"
"2025-12-25","93672"
"2025-12-26","93678"
"2025-12-27","93684"
"2025-12-28","93690"
"2025-12-29","93699"
"2025-12-30","93718"
"2025-12-31","93730"
"2026-01-01","93621"
"2026-01-02","93622"
"2026-01-03","93626"
"2026-01-04","93634"
"2026-01-05","93648"
"2026-01-06","93668"
"2026-01-07","93977"
"2026-01-08","93978"
"2026-01-09","93966"
"2026-01-10","93961"
"2026-01-11","93954"
"2026-01-12","93948"
"2026-01-13","93948"
"2026-01-14","93942"
"2026-01-15","93954"
"2026-01-16","93951"
"2026-01-17","93943"
"2026-01-18","93936"
"2026-01-19","93927"
"2026-01-20","93922"
"2026-01-21","93919"
"2026-01-22","93917"
"2026-01-23","93917"
"2026-01-24","93925"
"2026-01-25","93927"
"2026-01-26","93923"
"2026-01-27","93927"
"2026-01-28","93931"
"2026-01-29","93940"
"2026-01-30","93942"
"2026-01-31","93927"
"2026-02-01","93934"
"2026-02-02","93934"
"2026-02-03","93943"
"2026-02-04","93957"
"2026-02-05","93973"
"2026-02-06","93978"
"2026-02-07","93996"
"2026-02-08","94001"
"2026-02-09","94008"
"2026-02-10","94006"
"2026-02-11","94016"
"2026-02-12","94328"
"2026-02-13","94349"
"2026-02-14","94359"
"2026-02-15","94368"
"2026-02-16","94370"
"2026-02-17","94370"
"2026-02-18","94387"
"2026-02-19","94155"
"2026-02-20","93815"
"2026-02-21","93619"
"2026-02-22","93637"
"2026-02-23","93555"
"2026-02-24","93586"
"2026-02-25","93616"
"2026-02-26","93640"
"2026-02-27","93656"
"2026-02-28","93657"
"2026-03-01","93653"
"2026-03-02","93646"
"2026-03-03","93645"
"2026-03-04","93642"
"2026-03-05","93634"
"2026-03-06","93649"
"2026-03-07","93647"
"2026-03-08","93647"
"2026-03-09","93647"
"2026-03-10","93653"
"2026-03-11","93666"
"2026-03-12","93695"
"2026-03-13","93691"
"2026-03-14","93683"
"2026-03-15","93693"
"2026-03-16","93694"
"2026-03-17","93680"
"2026-03-18","93676"
"2026-03-19","93669"
"2026-03-20","93674"
"2026-03-21","93682"
"2026-03-22","93691"
"2026-03-23","93696"
"2026-03-24","93707"
"2026-03-25","93705"
"2026-03-26","93707"
"2026-03-27","93708"
"2026-03-28","93705"
"2026-03-29","93711"
"2026-03-30","93716"
"2026-03-31","93729"
"2026-04-01","93770"
"2026-04-02","93801"
"2026-04-03","93809"
"2026-04-04","93824"
"2026-04-05","93822"
"2026-04-06","93833"
"2026-04-07","93835"
"2026-04-08","93864"
"2026-04-09","93885"
"2026-04-10","93897"
"2026-04-11","93891"
"2026-04-12","93895"
"2026-04-13","93870"
"2026-04-14","93871"
"2026-04-15","93872"
"2026-04-16","93868"
"2026-04-17","93861"
"2026-04-18","93858"
"2026-04-19","93852"
"2026-04-20","93854"